<?xml version="1.0" encoding="utf-8"?><!DOCTYPE MgmtTree PUBLIC "-//OMA//DTD-DM-DDF 1.2//EN" "OMA-SUP-DTD_DM_DDF-V1_3-20120306-C.dtd"[<?oma-dm-ddf-ver supported-versions="1.2"?>]><MgmtTree><VerDTD>1.3</VerDTD><!-- This file is created automatically using a VBA macro in cmdhMO_DDFcreator.xls  --><!-- Source specification: oneM2M TS-0005 and cmdhMO_DDFcreator.xls                 --><!-- Created: 2015-01-19 12:04:48 (yyyy-mm-dd hh:mm:ss UTC+1)                       --><Node><NodeName></NodeName><!--Status:Required--><DFProperties><AccessType><Get/></AccessType><DFFormat><node/></DFFormat><Occurrence><One/></Occurrence><DFTitle>This placeholder node is the root node for the MCMDHMO which includes all MOs related to CMDH Policy management. The parent node of this node defines the location of this MO in the Management Tree. The Management Object Identifier for the MCMDHMO shall be: "urn:oma:mo:ext-onem2m-mcmdhmo:1.0".  Detailed information about each of the individual MOs  included in the MCMDHMO can be found in Annex D.12 of the oneM2M Functional Architecture TS-0001.</DFTitle><DFType><DDFName>urn:oma:mo:ext-onem2m-mcmdhmo:1.0</DDFName></DFType></DFProperties><Node><NodeName>cmdhPolicy</NodeName><!--Status:Required--><DFProperties><AccessType><Get/></AccessType><DFFormat><node/></DFFormat><Occurrence><One/></Occurrence><DFTitle>This interior node is the parent node of instances of cmdhPolicy MOs. </DFTitle><DFType><DDFName></DDFName></DFType></DFProperties><Node><NodeName></NodeName><!--Status:Required--><DFProperties><AccessType><Get/></AccessType><DFFormat><node/></DFFormat><Occurrence><OneOrMore/></Occurrence><DFTitle>This placeholder interior node represents the specific instances of cmdhPolicy MOs. </DFTitle><DFType><DDFName></DDFName></DFType></DFProperties><Node><NodeName>name</NodeName><!--Status:Required--><DFProperties><AccessType><Get/></AccessType><DFFormat><chr/></DFFormat><Occurrence><One/></Occurrence><DFTitle>This leaf node contains the name attribute of a cmdhPolicy resource instance</DFTitle><DFType><MIME>text/plain</MIME></DFType></DFProperties></Node><Node><NodeName>defaultRule</NodeName><!--Status:Required--><DFProperties><AccessType><Get/></AccessType><DFFormat><chr/></DFFormat><Occurrence><One/></Occurrence><DFTitle>This leaf node includes a reference (mgmntLink) to an instance of a cmdhDefaults node.</DFTitle><DFType><MIME>text/plain</MIME></DFType></DFProperties></Node><Node><NodeName>limitRules</NodeName><!--Status:Required--><DFProperties><AccessType><Get/></AccessType><DFFormat><chr/></DFFormat><Occurrence><OneOrMore/></Occurrence><DFTitle>This leaf node includes a reference (mgmtLink) to an instance of a cmdhLimits node.</DFTitle><DFType><MIME>text/plain</MIME></DFType></DFProperties></Node><Node><NodeName>NetworkAccessECRules</NodeName><!--Status:Required--><DFProperties><AccessType><Get/></AccessType><DFFormat><chr/></DFFormat><Occurrence><OneOrMore/></Occurrence><DFTitle>This leaf node includes a reference (mgmtLink) to an instance of a cmdhNetworkAccess node.</DFTitle><DFType><MIME>text/plain</MIME></DFType></DFProperties></Node><Node><NodeName>bufferRules</NodeName><!--Status:Required--><DFProperties><AccessType><Get/></AccessType><DFFormat><chr/></DFFormat><Occurrence><OneOrMore/></Occurrence><DFTitle>This leaf node includes a reference (mgmntLink) to an instance of a cmdhBuffer node.</DFTitle><DFType><MIME>text/plain</MIME></DFType></DFProperties></Node></Node></Node><Node><NodeName>activeCmdhPolicy</NodeName><!--Status:Required--><DFProperties><AccessType><Get/></AccessType><DFFormat><node/></DFFormat><Occurrence><One/></Occurrence><DFTitle>This interior node is the parent node of an activeCmdhPolicy MO instance. </DFTitle><DFType><DDFName></DDFName></DFType></DFProperties><Node><NodeName></NodeName><!--Status:Required--><DFProperties><AccessType><Get/></AccessType><DFFormat><node/></DFFormat><Occurrence><One/></Occurrence><DFTitle>This placeholder node represents an instance of a activeCmdhPolicy MO. </DFTitle><DFType><DDFName></DDFName></DFType></DFProperties><Node><NodeName>enable</NodeName><!--Status:Required--><DFProperties><AccessType><Get/></AccessType><DFFormat><chr/></DFFormat><Occurrence><One/></Occurrence><DFTitle>This leaf node includes a reference to the currently active instance of the cmdhPolicy MO. </DFTitle><DFType><MIME>text/plain</MIME></DFType></DFProperties></Node></Node></Node><Node><NodeName>cmdhDefaults</NodeName><!--Status:Required--><DFProperties><AccessType><Get/></AccessType><DFFormat><node/></DFFormat><Occurrence><One/></Occurrence><DFTitle>This interior node is the parent node of instances of the cmdhDefaults MO. This MO defines which CMDH related parameters will be used by default when a request or response message contains the Event Category parameter but not any other CMDH related parameters and which default Event Category parameter shall be used when none is given in the message.</DFTitle><DFType><DDFName></DDFName></DFType></DFProperties><Node><NodeName></NodeName><!--Status:Required--><DFProperties><AccessType><Get/></AccessType><DFFormat><node/></DFFormat><Occurrence><OneOrMore/></Occurrence><DFTitle>This placeholder node represents the instances of cmdhDefaults MOs. </DFTitle><DFType><DDFName></DDFName></DFType></DFProperties><Node><NodeName>defaultECRules</NodeName><!--Status:Required--><DFProperties><AccessType><Get/></AccessType><DFFormat><chr/></DFFormat><Occurrence><OneOrMore/></Occurrence><DFTitle>This leaf node includes a reference (mgmtLink) to an instance of the cmdhDefEcValue MO. </DFTitle><DFType><MIME>text/plain</MIME></DFType></DFProperties></Node><Node><NodeName>defaultECParamRules</NodeName><!--Status:Required--><DFProperties><AccessType><Get/></AccessType><DFFormat><chr/></DFFormat><Occurrence><OneOrMore/></Occurrence><DFTitle>This leaf node includes a reference (mgmtLink) to an instance of the cmdhEcDefParamValue MO.</DFTitle><DFType><MIME>text/plain</MIME></DFType></DFProperties></Node></Node></Node><Node><NodeName>cmdhDefEcValue</NodeName><!--Status:Required--><DFProperties><AccessType><Get/></AccessType><DFFormat><node/></DFFormat><Occurrence><One/></Occurrence><DFTitle>This interior node is the parent node of cmdhDefEcValue MOs. This MO defines a default Event Category value to be used when the given conditions are met. This default Event Category is applicable only if it is not indicated in the message itself.</DFTitle><DFType><DDFName></DDFName></DFType></DFProperties><Node><NodeName></NodeName><!--Status:Required--><DFProperties><AccessType><Get/></AccessType><DFFormat><node/></DFFormat><Occurrence><OneOrMore/></Occurrence><DFTitle>This placeholder interior node represents the instances of the cmdhDefEcValue MOs. </DFTitle><DFType><DDFName></DDFName></DFType></DFProperties><Node><NodeName>order</NodeName><!--Status:Required--><DFProperties><AccessType><Get/></AccessType><DFFormat><int/></DFFormat><Occurrence><One/></Occurrence><DFTitle>This leaf node contains the order attribute of the cmdhDefEcValue resource instance. This represents an index which defines the order of processing of multiple cmdhDefEcValue  instances.</DFTitle><DFType><MIME>text/plain</MIME></DFType></DFProperties></Node><Node><NodeName>defEcValue</NodeName><!--Status:Required--><DFProperties><AccessType><Get/></AccessType><DFFormat><chr/></DFFormat><Occurrence><One/></Occurrence><DFTitle>This leaf node contains the defEcValue attribute of the cmdhDefEcValue resource instance. This represents the default Event Category value to be applied when the conditions given in this instance of  the cmdhDefEcValue MO are matched.</DFTitle><DFType><MIME>text/plain</MIME></DFType></DFProperties></Node><Node><NodeName>requestOrigin</NodeName><!--Status:Required--><DFProperties><AccessType><Get/></AccessType><DFFormat><node/></DFFormat><Occurrence><One/></Occurrence><DFTitle>This interior node contains the requestOrigin attribute of the cmdhDefEcValue resource instance. This represents a list of message originator IDs that need to be matched.</DFTitle><DFType><DDFName></DDFName></DFType></DFProperties><Node><NodeName></NodeName><!--Status:Required--><DFProperties><AccessType><Get/></AccessType><DFFormat><node/></DFFormat><Occurrence><One/></Occurrence><DFTitle>This placeholder node represents the root of the list of requestOrigin values.</DFTitle><DFType><DDFName></DDFName></DFType></DFProperties><Node><NodeName>m2mid</NodeName><!--Status:Required--><DFProperties><AccessType><Get/></AccessType><DFFormat><chr/></DFFormat><Occurrence><OneOrMore/></Occurrence><DFTitle>This leaf node contains one list element of the requestOrigin attribute (i.e. one message originator ID).</DFTitle><DFType><MIME>text/plain</MIME></DFType></DFProperties></Node></Node></Node><Node><NodeName>requestContext</NodeName><!--Status:Optional--><DFProperties><AccessType><Get/></AccessType><DFFormat><chr/></DFFormat><Occurrence><ZeroOrOne/></Occurrence><DFTitle>This leaf node contains the requestContext attribute of the cmdhDefEcValue resource instance. This represents context information (e.g. battery status) which needs to be matched.</DFTitle><DFType><MIME>text/plain</MIME></DFType></DFProperties></Node><Node><NodeName>requestContextNotification</NodeName><!--Status:Optional--><DFProperties><AccessType><Get/></AccessType><DFFormat><bool/></DFFormat><Occurrence><ZeroOrOne/></Occurrence><DFTitle>This leaf node contains the requestContextNotification attribute of the cmdhDefEcValue resource instance. This node indicates whether or not notification procedures apply.</DFTitle><DFType><MIME>text/plain</MIME></DFType></DFProperties></Node><Node><NodeName>requestCharacteristics</NodeName><!--Status:Optional--><DFProperties><AccessType><Get/></AccessType><DFFormat><chr/></DFFormat><Occurrence><ZeroOrOne/></Occurrence><DFTitle>This leaf node contains the requestCharacteristics attribute of the cmdhDefEcValue resource instance. This node indicates request message parameters that need to be matched. </DFTitle><DFType><MIME>text/plain</MIME></DFType></DFProperties></Node></Node></Node><Node><NodeName>cmdhEcDefParamValues</NodeName><!--Status:Required--><DFProperties><AccessType><Get/></AccessType><DFFormat><node/></DFFormat><Occurrence><One/></Occurrence><DFTitle>This interior node is the parent node of the cmdhEcDefParamValues MO. This MO defines default settings of Request Expiration Timestamp, Result Expiration Timestamp, Operation Execution Time, Response Persistence and Delivery Aggregation message parameter values to be used for specific Event Categories.</DFTitle><DFType><DDFName></DDFName></DFType></DFProperties><Node><NodeName></NodeName><!--Status:Required--><DFProperties><AccessType><Get/></AccessType><DFFormat><chr/></DFFormat><Occurrence><One/></Occurrence><DFTitle>This interior placeholder node represents the instances of the cmdhEcDefParamValues MOs. </DFTitle><DFType><MIME>text/plain</MIME></DFType></DFProperties><Node><NodeName>applicableEventCategory</NodeName><!--Status:Required--><DFProperties><AccessType><Get/></AccessType><DFFormat><node/></DFFormat><Occurrence><One/></Occurrence><DFTitle>This interior node contains the applicableEventCategory attribute of the cmdhEcDefParamValues resource instance.</DFTitle><DFType><DDFName></DDFName></DFType></DFProperties><Node><NodeName></NodeName><!--Status:Required--><DFProperties><AccessType><Get/></AccessType><DFFormat><node/></DFFormat><Occurrence><One/></Occurrence><DFTitle>This placeholder node represents the root of the list of eventCat values.</DFTitle><DFType><DDFName></DDFName></DFType></DFProperties><Node><NodeName>eventCat</NodeName><!--Status:Required--><DFProperties><AccessType><Get/></AccessType><DFFormat><chr/></DFFormat><Occurrence><OneOrMore/></Occurrence><DFTitle>This leaf node contains one eventCat list element of the applicableEventCategory attribute.</DFTitle><DFType><MIME>text/plain</MIME></DFType></DFProperties></Node></Node></Node><Node><NodeName>defaultResultExpTime</NodeName><!--Status:Required--><DFProperties><AccessType><Get/></AccessType><DFFormat><int/></DFFormat><Occurrence><One/></Occurrence><DFTitle>This leaf node contains the defaultResultExpTime attribute of the cmdhEcDefParamValues resource instance. </DFTitle><DFType><MIME>text/plain</MIME></DFType></DFProperties></Node><Node><NodeName>defaultOpExecTime</NodeName><!--Status:Required--><DFProperties><AccessType><Get/></AccessType><DFFormat><int/></DFFormat><Occurrence><One/></Occurrence><DFTitle>This leaf node contains the defaultOpExpTime attribute of the cmdhEcDefParamValues resource instance.</DFTitle><DFType><MIME>text/plain</MIME></DFType></DFProperties></Node><Node><NodeName>defaultRespPersistence</NodeName><!--Status:Required--><DFProperties><AccessType><Get/></AccessType><DFFormat><int/></DFFormat><Occurrence><One/></Occurrence><DFTitle>This leaf node contains the defaultRespPersistence attribute of the cmdhEcDefParamValues resource instance.</DFTitle><DFType><MIME>text/plain</MIME></DFType></DFProperties></Node><Node><NodeName>defaultDelAggregation</NodeName><!--Status:Required--><DFProperties><AccessType><Get/></AccessType><DFFormat><bool/></DFFormat><Occurrence><One/></Occurrence><DFTitle>This leaf node contains the defaultDelAggregation attribute of the cmdhEcDefParamValues resource instance.</DFTitle><DFType><MIME>text/plain</MIME></DFType></DFProperties></Node></Node></Node><Node><NodeName>cmdhLimits</NodeName><!--Status:Required--><DFProperties><AccessType><Get/></AccessType><DFFormat><node/></DFFormat><Occurrence><One/></Occurrence><DFTitle>This interior node is the parent node of the cmdhLimits MO. This MO defines the allowed limits for CMDH related parameters in request or response messages with a given Event Category value.</DFTitle><DFType><DDFName></DDFName></DFType></DFProperties><Node><NodeName></NodeName><!--Status:Required--><DFProperties><AccessType><Get/></AccessType><DFFormat><node/></DFFormat><Occurrence><One/></Occurrence><DFTitle>This interior placeholder node represents the instances of the cmdhLimits MO. </DFTitle><DFType><DDFName></DDFName></DFType></DFProperties><Node><NodeName>order</NodeName><!--Status:Required--><DFProperties><AccessType><Get/></AccessType><DFFormat><int/></DFFormat><Occurrence><One/></Occurrence><DFTitle>This leaf node contains the order attribute of the cmdhLimits resource instance. </DFTitle><DFType><MIME>text/plain</MIME></DFType></DFProperties></Node><Node><NodeName>requestOrigin</NodeName><!--Status:Required--><DFProperties><AccessType><Get/></AccessType><DFFormat><node/></DFFormat><Occurrence><One/></Occurrence><DFTitle>This interior node contains the RequestOrigin attribute of the cmdhLimits resource instance.</DFTitle><DFType><DDFName></DDFName></DFType></DFProperties><Node><NodeName></NodeName><!--Status:Required--><DFProperties><AccessType><Get/></AccessType><DFFormat><node/></DFFormat><Occurrence><One/></Occurrence><DFTitle>This placeholder node represents the root of the list of requestOrigin values.</DFTitle><DFType><DDFName></DDFName></DFType></DFProperties><Node><NodeName>m2mid</NodeName><!--Status:Required--><DFProperties><AccessType><Get/></AccessType><DFFormat><chr/></DFFormat><Occurrence><OneOrMore/></Occurrence><DFTitle>This leaf node contains one list element of the requestOrigin attribute, i.e. one message originator ID.</DFTitle><DFType><MIME>text/plain</MIME></DFType></DFProperties></Node></Node></Node><Node><NodeName>RequestContext</NodeName><!--Status:Optional--><DFProperties><AccessType><Get/></AccessType><DFFormat><chr/></DFFormat><Occurrence><ZeroOrMore/></Occurrence><DFTitle>This leaf node contains the RequestContext attribute of the cmdhLimits resource instance.</DFTitle><DFType><MIME>text/plain</MIME></DFType></DFProperties></Node><Node><NodeName>RequestContextNotification</NodeName><!--Status:Optional--><DFProperties><AccessType><Get/></AccessType><DFFormat><bool/></DFFormat><Occurrence><ZeroOrOne/></Occurrence><DFTitle>This leaf node contains the RequestContextNotification attribute of the cmdhLimits resource instance.  </DFTitle><DFType><MIME>text/plain</MIME></DFType></DFProperties></Node><Node><NodeName>RequestCharacteristics</NodeName><!--Status:Optional--><DFProperties><AccessType><Get/></AccessType><DFFormat><chr/></DFFormat><Occurrence><ZeroOrOne/></Occurrence><DFTitle>This leaf node contains the RequestCharacteristics attribute of the cmdhLimits resource instance.</DFTitle><DFType><MIME>text/plain</MIME></DFType></DFProperties></Node><Node><NodeName>limitsEventCategory</NodeName><!--Status:Required--><DFProperties><AccessType><Get/></AccessType><DFFormat><node/></DFFormat><Occurrence><One/></Occurrence><DFTitle>This interior node  contains the limitsEventCategory attribute of the cmdhLimits resource instance.</DFTitle><DFType><DDFName></DDFName></DFType></DFProperties><Node><NodeName></NodeName><!--Status:Required--><DFProperties><AccessType><Get/></AccessType><DFFormat><node/></DFFormat><Occurrence><One/></Occurrence><DFTitle>This placeholder node represents the root of the list of eventCat values.</DFTitle><DFType><DDFName></DDFName></DFType></DFProperties><Node><NodeName>eventCat</NodeName><!--Status:Required--><DFProperties><AccessType><Get/></AccessType><DFFormat><chr/></DFFormat><Occurrence><OneOrMore/></Occurrence><DFTitle>This leaf node contains one eventCat list element of the limitsEventCategory attribute.</DFTitle><DFType><MIME>text/plain</MIME></DFType></DFProperties></Node></Node></Node><Node><NodeName>limitsRequestExpTime</NodeName><!--Status:Required--><DFProperties><AccessType><Get/></AccessType><DFFormat><node/></DFFormat><Occurrence><One/></Occurrence><DFTitle>This interior node contains the limitsRequestExpTime attribute of the cmdhLimits resource instance.</DFTitle><DFType><DDFName></DDFName></DFType></DFProperties><Node><NodeName></NodeName><!--Status:Required--><DFProperties><AccessType><Get/></AccessType><DFFormat><node/></DFFormat><Occurrence><One/></Occurrence><DFTitle>This placeholder node represents the root of the list of minimal and maximal Request Expiration Timestamp values.</DFTitle><DFType><DDFName></DDFName></DFType></DFProperties><Node><NodeName>minTime</NodeName><!--Status:Required--><DFProperties><AccessType><Get/></AccessType><DFFormat><int/></DFFormat><Occurrence><One/></Occurrence><DFTitle>This leaf node contains the minimal value of the Request Expiration Timestamp in units of milliseconds.</DFTitle><DFType><MIME>text/plain</MIME></DFType></DFProperties></Node><Node><NodeName>maxTime</NodeName><!--Status:Required--><DFProperties><AccessType><Get/></AccessType><DFFormat><int/></DFFormat><Occurrence><One/></Occurrence><DFTitle>This leaf node contains the maximal value of the Request Expiration Timestamp in units of milliseconds.</DFTitle><DFType><MIME>text/plain</MIME></DFType></DFProperties></Node></Node></Node><Node><NodeName>limitsResultExpTime</NodeName><!--Status:Required--><DFProperties><AccessType><Get/></AccessType><DFFormat><node/></DFFormat><Occurrence><One/></Occurrence><DFTitle>This interior node contains the limitsResultExpTime attribute of the cmdhLimits resource instance.</DFTitle><DFType><DDFName></DDFName></DFType></DFProperties><Node><NodeName></NodeName><!--Status:Required--><DFProperties><AccessType><Get/></AccessType><DFFormat><node/></DFFormat><Occurrence><One/></Occurrence><DFTitle>This placeholder node represents the root of the list of minimal and maximal Result Expiration Timestamp values.</DFTitle><DFType><DDFName></DDFName></DFType></DFProperties><Node><NodeName>minTime</NodeName><!--Status:Required--><DFProperties><AccessType><Get/></AccessType><DFFormat><int/></DFFormat><Occurrence><One/></Occurrence><DFTitle>This leaf node contains the minimal value of the Result Expiration Timestamp  parameter in units of milliseconds.</DFTitle><DFType><MIME>text/plain</MIME></DFType></DFProperties></Node><Node><NodeName>maxTime</NodeName><!--Status:Required--><DFProperties><AccessType><Get/></AccessType><DFFormat><int/></DFFormat><Occurrence><One/></Occurrence><DFTitle>This leaf node contains the maximal value of the Result Expiration Timestamp parameter in units of milliseconds..</DFTitle><DFType><MIME>text/plain</MIME></DFType></DFProperties></Node></Node></Node><Node><NodeName>limitsOpExecTime</NodeName><!--Status:Required--><DFProperties><AccessType><Get/></AccessType><DFFormat><node/></DFFormat><Occurrence><One/></Occurrence><DFTitle>This interior node contains the limitsOpExecTime attribute of the cmdhLimits resource instance.</DFTitle><DFType><DDFName></DDFName></DFType></DFProperties><Node><NodeName></NodeName><!--Status:Required--><DFProperties><AccessType><Get/></AccessType><DFFormat><node/></DFFormat><Occurrence><One/></Occurrence><DFTitle>This placeholder node represents the root of the list of minimal and maximal Operation Execution Time values.</DFTitle><DFType><DDFName></DDFName></DFType></DFProperties><Node><NodeName>minTime</NodeName><!--Status:Required--><DFProperties><AccessType><Get/></AccessType><DFFormat><int/></DFFormat><Occurrence><One/></Occurrence><DFTitle>This leaf node contains the minimal value of the Operation Execution Time parameter in units of milliseconds.</DFTitle><DFType><MIME>text/plain</MIME></DFType></DFProperties></Node><Node><NodeName>maxTime</NodeName><!--Status:Required--><DFProperties><AccessType><Get/></AccessType><DFFormat><int/></DFFormat><Occurrence><One/></Occurrence><DFTitle>This leaf node contains the maximal value of the Operation Execution Time parameter in units of milliseconds.</DFTitle><DFType><MIME>text/plain</MIME></DFType></DFProperties></Node></Node></Node><Node><NodeName>limitsRespPersistence</NodeName><!--Status:Required--><DFProperties><AccessType><Get/></AccessType><DFFormat><node/></DFFormat><Occurrence><One/></Occurrence><DFTitle>This interior node contains the limitsRespPersistence attribute of the cmdhLimits resource instance.</DFTitle><DFType><DDFName></DDFName></DFType></DFProperties><Node><NodeName></NodeName><!--Status:Required--><DFProperties><AccessType><Get/></AccessType><DFFormat><node/></DFFormat><Occurrence><One/></Occurrence><DFTitle>This placeholder node represents the root of the list of minimal and maximal Response Persistence Time values.</DFTitle><DFType><DDFName></DDFName></DFType></DFProperties><Node><NodeName>minTime</NodeName><!--Status:Required--><DFProperties><AccessType><Get/></AccessType><DFFormat><int/></DFFormat><Occurrence><One/></Occurrence><DFTitle>This leaf node contains the minimal value of the Response Persistence parameterTime in units of milliseconds.</DFTitle><DFType><MIME>text/plain</MIME></DFType></DFProperties></Node><Node><NodeName>maxTime</NodeName><!--Status:Required--><DFProperties><AccessType><Get/></AccessType><DFFormat><int/></DFFormat><Occurrence><One/></Occurrence><DFTitle>This leaf node contains the maximal value of the Response Persistence parameter in units of milliseconds..</DFTitle><DFType><MIME>text/plain</MIME></DFType></DFProperties></Node></Node></Node><Node><NodeName>limitsDelAggregation</NodeName><!--Status:Required--><DFProperties><AccessType><Get/></AccessType><DFFormat><node/></DFFormat><Occurrence><One/></Occurrence><DFTitle>This interior node contains the limitsDelAggregation attribute of the cmdhLimits resource instance.</DFTitle><DFType><DDFName></DDFName></DFType></DFProperties><Node><NodeName></NodeName><!--Status:Required--><DFProperties><AccessType><Get/></AccessType><DFFormat><node/></DFFormat><Occurrence><One/></Occurrence><DFTitle>This placeholder node represents the root of the list of Delivery Aggregation settings.</DFTitle><DFType><DDFName></DDFName></DFType></DFProperties><Node><NodeName>boolean</NodeName><!--Status:Required--><DFProperties><AccessType><Get/></AccessType><DFFormat><bool/></DFFormat><Occurrence><OneOrMore/></Occurrence><DFTitle>This leaf node contains the permitted boolean value(s) of the limitsDelAggregation attribute. This list has one or two elements, representing the allowed values of the boolean value space domain.</DFTitle><DFType><MIME>text/plain</MIME></DFType></DFProperties></Node></Node></Node></Node></Node><Node><NodeName>cmdhNetworkAccessRules</NodeName><!--Status:Required--><DFProperties><AccessType><Get/></AccessType><DFFormat><node/></DFFormat><Occurrence><One/></Occurrence><DFTitle>This interior node is the parent node of cmdhNetworkAccessRules MOs. This MO defines the conditions when usage of specific Underlying Networks is allowed for request or response messages with a given Event Category value.</DFTitle><DFType><DDFName></DDFName></DFType></DFProperties><Node><NodeName></NodeName><!--Status:Required--><DFProperties><AccessType><Get/></AccessType><DFFormat><node/></DFFormat><Occurrence><OneOrMore/></Occurrence><DFTitle>This interior placeholder node represents the instances of the cmdhNetworkAccessRules MO. </DFTitle><DFType><DDFName></DDFName></DFType></DFProperties><Node><NodeName>applicableEventCategories</NodeName><!--Status:Required--><DFProperties><AccessType><Get/></AccessType><DFFormat><node/></DFFormat><Occurrence><One/></Occurrence><DFTitle>This interior node contains the applicableEventCategories attribute of the cmdhNetworkAccessRules resource instance. </DFTitle><DFType><DDFName></DDFName></DFType></DFProperties><Node><NodeName></NodeName><!--Status:Required--><DFProperties><AccessType><Get/></AccessType><DFFormat><node/></DFFormat><Occurrence><One/></Occurrence><DFTitle>This placeholder node represents the root of the list of eventCat values.</DFTitle><DFType><DDFName></DDFName></DFType></DFProperties><Node><NodeName>eventCat</NodeName><!--Status:Required--><DFProperties><AccessType><Get/></AccessType><DFFormat><chr/></DFFormat><Occurrence><OneOrMore/></Occurrence><DFTitle>This leaf node contains one eventCat list element of the applicableEventCategories attribute. </DFTitle><DFType><MIME>text/plain</MIME></DFType></DFProperties></Node></Node></Node><Node><NodeName>cmdhNwAccessRule</NodeName><!--Status:Optional--><DFProperties><AccessType><Get/></AccessType><DFFormat><chr/></DFFormat><Occurrence><ZeroOrMore/></Occurrence><DFTitle>This leaf node includes a reference (mgmtLink) to an instance of the cmdhNwAccessRule MO. </DFTitle><DFType><MIME>text/plain</MIME></DFType></DFProperties></Node></Node></Node><Node><NodeName>cmdhNwAccessRule</NodeName><!--Status:Required--><DFProperties><AccessType><Get/></AccessType><DFFormat><node/></DFFormat><Occurrence><One/></Occurrence><DFTitle>This interior node is the parent node of cmdhNwAccessRule MOs. </DFTitle><DFType><DDFName></DDFName></DFType></DFProperties><Node><NodeName></NodeName><!--Status:Optional--><DFProperties><AccessType><Get/></AccessType><DFFormat><node/></DFFormat><Occurrence><ZeroOrOne/></Occurrence><DFTitle>This interior placeholder node represents instances of the cmdhNwAccessRule MO. </DFTitle><DFType><DDFName></DDFName></DFType></DFProperties><Node><NodeName>targetNetwork</NodeName><!--Status:Required--><DFProperties><AccessType><Get/></AccessType><DFFormat><node/></DFFormat><Occurrence><One/></Occurrence><DFTitle>This interior node contains the targetNetwork attribute of the cmdhNwAccessRule resource instance.  </DFTitle><DFType><DDFName></DDFName></DFType></DFProperties><Node><NodeName></NodeName><!--Status:Required--><DFProperties><AccessType><Get/></AccessType><DFFormat><node/></DFFormat><Occurrence><One/></Occurrence><DFTitle>This placeholder node represents the root of  the list of targetNetwork values.  </DFTitle><DFType><DDFName></DDFName></DFType></DFProperties><Node><NodeName>m2mid</NodeName><!--Status:Required--><DFProperties><AccessType><Get/></AccessType><DFFormat><chr/></DFFormat><Occurrence><OneOrMore/></Occurrence><DFTitle>Each of these leaf nodes contains one m2mid, representing an identifier for a targetNetwork.  </DFTitle><DFType><MIME>text/plain</MIME></DFType></DFProperties></Node></Node></Node><Node><NodeName>minReqVolume</NodeName><!--Status:Required--><DFProperties><AccessType><Get/></AccessType><DFFormat><int/></DFFormat><Occurrence><One/></Occurrence><DFTitle>This leaf node contains the minReqVolume attribute of the cmdhNwAccessRule resource instance in units of bytes.  </DFTitle><DFType><MIME>text/plain</MIME></DFType></DFProperties></Node><Node><NodeName>backOffParameters</NodeName><!--Status:Required--><DFProperties><AccessType><Get/></AccessType><DFFormat><node/></DFFormat><Occurrence><One/></Occurrence><DFTitle>This interior node contains the backOffParameters attribute of the cmdhNwAccessRule resource instance.  </DFTitle><DFType><DDFName></DDFName></DFType></DFProperties><Node><NodeName></NodeName><!--Status:Required--><DFProperties><AccessType><Get/></AccessType><DFFormat><node/></DFFormat><Occurrence><One/></Occurrence><DFTitle>This placeholder node represents the root of list backOffParameters list of time values.</DFTitle><DFType><DDFName></DDFName></DFType></DFProperties><Node><NodeName>backOffTime</NodeName><!--Status:Required--><DFProperties><AccessType><Get/></AccessType><DFFormat><int/></DFFormat><Occurrence><One/></Occurrence><DFTitle>This leaf node contains the backOffTime in units of milliseconds.</DFTitle><DFType><MIME>text/plain</MIME></DFType></DFProperties></Node><Node><NodeName>backOffTimeIncrement</NodeName><!--Status:Required--><DFProperties><AccessType><Get/></AccessType><DFFormat><int/></DFFormat><Occurrence><One/></Occurrence><DFTitle>This leaf node contains the backOffTimeIncrement in units of milliseconds.</DFTitle><DFType><MIME>text/plain</MIME></DFType></DFProperties></Node><Node><NodeName>maximumBackoffTime</NodeName><!--Status:Required--><DFProperties><AccessType><Get/></AccessType><DFFormat><int/></DFFormat><Occurrence><One/></Occurrence><DFTitle>This leaf node contains the maximumBackoffTime in units of milliseconds.</DFTitle><DFType><MIME>text/plain</MIME></DFType></DFProperties></Node></Node></Node><Node><NodeName>otherConditions</NodeName><!--Status:Optional--><DFProperties><AccessType><Get/></AccessType><DFFormat><chr/></DFFormat><Occurrence><ZeroOrOne/></Occurrence><DFTitle>This leaf node contains the otherConditions attribute of the cmdhNwAccessRule resource instance. </DFTitle><DFType><MIME>text/plain</MIME></DFType></DFProperties></Node><Node><NodeName>allowedSchedule</NodeName><!--Status:Required--><DFProperties><AccessType><Get/></AccessType><DFFormat><node/></DFFormat><Occurrence><One/></Occurrence><DFTitle>This interior node represents the root of the allowedSchedule attribute of the cmdhNwAccessRule resource instance.</DFTitle><DFType><DDFName></DDFName></DFType></DFProperties><Node><NodeName></NodeName><!--Status:Required--><DFProperties><AccessType><Get/></AccessType><DFFormat><node/></DFFormat><Occurrence><One/></Occurrence><DFTitle>This placeholder node represents the root of the time schedule.</DFTitle><DFType><DDFName></DDFName></DFType></DFProperties><Node><NodeName>schedule</NodeName><!--Status:Required--><DFProperties><AccessType><Get/></AccessType><DFFormat><chr/></DFFormat><Occurrence><OneOrMore/></Occurrence><DFTitle>This leaf node contains the time schedule in form of extended crontab syntax.</DFTitle><DFType><MIME>text/plain</MIME></DFType></DFProperties></Node></Node></Node></Node></Node><Node><NodeName>cmdhBuffer</NodeName><!--Status:Required--><DFProperties><AccessType><Get/></AccessType><DFFormat><node/></DFFormat><Occurrence><One/></Occurrence><DFTitle>This interior node is the parent node of the cmdhBuffer MO. This MO defines limits of supported buffer size to be used for storing pending messages with a given Event Category value and their priorities when deletion of messages cannot be avoided.</DFTitle><DFType><DDFName></DDFName></DFType></DFProperties><Node><NodeName></NodeName><!--Status:Required--><DFProperties><AccessType><Get/></AccessType><DFFormat><node/></DFFormat><Occurrence><OneOrMore/></Occurrence><DFTitle>This interior placeholder represents the instances of the cmdhBuffer MO. </DFTitle><DFType><DDFName></DDFName></DFType></DFProperties><Node><NodeName>applicableEventCategory</NodeName><!--Status:Required--><DFProperties><AccessType><Get/></AccessType><DFFormat><node/></DFFormat><Occurrence><One/></Occurrence><DFTitle>This interior node contains the applicableEventCategory attribute of the cmdhBuffer resource instance.</DFTitle><DFType><DDFName></DDFName></DFType></DFProperties><Node><NodeName></NodeName><!--Status:Required--><DFProperties><AccessType><Get/></AccessType><DFFormat><node/></DFFormat><Occurrence><One/></Occurrence><DFTitle>This placeholder node represents the root of the list of eventCat values.</DFTitle><DFType><DDFName></DDFName></DFType></DFProperties><Node><NodeName>eventCat</NodeName><!--Status:Required--><DFProperties><AccessType><Get/></AccessType><DFFormat><chr/></DFFormat><Occurrence><OneOrMore/></Occurrence><DFTitle>This leaf node contains one eventCat list element of the applicableEventCategory attribute.</DFTitle><DFType><MIME>text/plain</MIME></DFType></DFProperties></Node></Node></Node><Node><NodeName>maxBufferSize</NodeName><!--Status:Required--><DFProperties><AccessType><Get/></AccessType><DFFormat><int/></DFFormat><Occurrence><One/></Occurrence><DFTitle>This leaf node contains the maxBufferSize attribute of the cmdhBuffer resource instance. Buffer Size is defined in units of bytes.</DFTitle><DFType><MIME>text/plain</MIME></DFType></DFProperties></Node><Node><NodeName>storagePriority</NodeName><!--Status:Required--><DFProperties><AccessType><Get/></AccessType><DFFormat><int/></DFFormat><Occurrence><One/></Occurrence><DFTitle>This leaf node contains the storagePriority attribute of the cmdhBuffer resource instance.</DFTitle><DFType><MIME>text/plain</MIME></DFType></DFProperties></Node></Node></Node></Node></MgmtTree>